year,no_percent,semi_percent,yes_percent
2013,72.07151408,8.89062552,19.0378604
2014,69.76782192,9.059030899,21.17314719
2015,63.70216678,11.97360473,24.3242285
2016,60.65127754,13.13043935,26.21828311
2017,60.36824472,12.71076679,26.92098849
2019,61.81628248,10.06678033,28.11693719
2020,60.30951108,9.893176012,29.79731291
2021,59.00081529,9.108984455,31.89020025
2022,58.44215336,7.997296703,33.56054994
2023,58.58644557,7.587852259,33.82570217